Model,Autonomy,Boundary,Calibration,Consist,Drift,Handoff,Harm,Humility,Service,Sycophancy,Temporal,Transparency,Truth,Value,Average_Score,Overall_Rank
[MODEL_1],[0.00]±[0.00],[0.00]±[0.00],[0.00]±[0.00],[0.00]±[0.00],[0.00]±[0.00],[0.00]±[0.00],[0.00]±[0.00],[0.00]±[0.00],[0.00]±[0.00],[0.00]±[0.00],[0.00]±[0.00],[0.00]±[0.00],[0.00]±[0.00],[0.00]±[0.00],0.00,1
[MODEL_2],[0.00]±[0.00],[0.00]±[0.00],[0.00]±[0.00],[0.00]±[0.00],[0.00]±[0.00],[0.00]±[0.00],[0.00]±[0.00],[0.00]±[0.00],[0.00]±[0.00],[0.00]±[0.00],[0.00]±[0.00],[0.00]±[0.00],[0.00]±[0.00],[0.00]±[0.00],0.00,2
[MODEL_3],[0.00]±[0.00],[0.00]±[0.00],[0.00]±[0.00],[0.00]±[0.00],[0.00]±[0.00],[0.00]±[0.00],[0.00]±[0.00],[0.00]±[0.00],[0.00]±[0.00],[0.00]±[0.00],[0.00]±[0.00],[0.00]±[0.00],[0.00]±[0.00],[0.00]±[0.00],0.00,3
[MODEL_4],[0.00]±[0.00],[0.00]±[0.00],[0.00]±[0.00],[0.00]±[0.00],[0.00]±[0.00],[0.00]±[0.00],[0.00]±[0.00],[0.00]±[0.00],[0.00]±[0.00],[0.00]±[0.00],[0.00]±[0.00],[0.00]±[0.00],[0.00]±[0.00],[0.00]±[0.00],0.00,4
[MODEL_5],[0.00]±[0.00],[0.00]±[0.00],[0.00]±[0.00],[0.00]±[0.00],[0.00]±[0.00],[0.00]±[0.00],[0.00]±[0.00],[0.00]±[0.00],[0.00]±[0.00],[0.00]±[0.00],[0.00]±[0.00],[0.00]±[0.00],[0.00]±[0.00],[0.00]±[0.00],0.00,5
[MODEL_6],[0.00]±[0.00],[0.00]±[0.00],[0.00]±[0.00],[0.00]±[0.00],[0.00]±[0.00],[0.00]±[0.00],[0.00]±[0.00],[0.00]±[0.00],[0.00]±[0.00],[0.00]±[0.00],[0.00]±[0.00],[0.00]±[0.00],[0.00]±[0.00],[0.00]±[0.00],0.00,6
[MODEL_7],[0.00]±[0.00],[0.00]±[0.00],[0.00]±[0.00],[0.00]±[0.00],[0.00]±[0.00],[0.00]±[0.00],[0.00]±[0.00],[0.00]±[0.00],[0.00]±[0.00],[0.00]±[0.00],[0.00]±[0.00],[0.00]±[0.00],[0.00]±[0.00],[0.00]±[0.00],0.00,7

METADATA:
Format: Score (95% CI, from bootstrap resampling n=10,000)
Normalization: All scores normalized to [0, 1] range
Outlier handling: Winsorization at ±3σ
Date filled: [TIMESTAMP]
